<?xml version="1.0" encoding="UTF-8"?>
<!DOCTYPE hibernate-configuration PUBLIC
		"-//Hibernate/Hibernate Configuration DTD 3.0//EN"
		"http://hibernate.sourceforge.net/hibernate-configuration-3.0.dtd">
<hibernate-configuration>
    <session-factory>
     <property name="hibernate.connection.driver_class">com.mysql.jdbc.Driver</property>
        <property name="hibernate.connection.password">programacion2</property>
        <property name="hibernate.connection.url">jdbc:mysql://35.239.57.35:3306/cardenasSebastian</property>
        <property name="hibernate.connection.username">root</property>
        <property name="hibernate.hbm2ddl.auto">update</property>
        
    </session-factory>
</hibernate-configuration>

<!--
 <property name="hibernate.connection.driver_class">com.mysql.jdbc.Driver</property>
        <property name="hibernate.connection.password">programacion2</property>
        <property name="hibernate.connection.url">jdbc:mysql://35.239.57.35:3306/cardenasSebastian</property>
        <property name="hibernate.connection.username">root</property>
        <property name="hibernate.hbm2ddl.auto">update</property>


  <property name="hibernate.connection.driver_class">com.mysql.jdbc.Driver</property>
        <property name="hibernate.connection.password">500decilantro</property>
        <property name="hibernate.connection.url">jdbc:mysql://db4free.net:3306/programacion2023</property>
        <property name="hibernate.connection.username">luiscruz99</property>
        <property name="hibernate.hbm2ddl.auto">update</property>


-->


